scene,method,step,psnr,ssim,lpips,pairs,note
0569e83fdc248a51fc0ab082ce5e2baff15755c53c207f545e6d02d91f01d166,vanilla_gs_30k,29999,25.19544219970703,0.8227176666259766,0.06989192217588425,268,Official val_step stats JSON
0569e83fdc248a51fc0ab082ce5e2baff15755c53c207f545e6d02d91f01d166,difix3d_official,59999,25.456907272338867,0.827357828617096,0.06708179414272308,268,Official val_step stats JSON
0569e83fdc248a51fc0ab082ce5e2baff15755c53c207f545e6d02d91f01d166,difix3dplus_fixed_vs_pred,59999,27.35841699856431,0.8845036201067825,0.05909446914638601,268,Reference = Difix3D Pred (not GT)
