scene,method,step,psnr,ssim,lpips,pairs,note
0853979305f7ecb80bd8fc2c8df916410d471ef04ed5f1a64e9651baa41d7695,vanilla_gs_30k,29999,31.54811668395996,0.9408210515975952,0.055439505726099014,313,Official val_step stats JSON
0853979305f7ecb80bd8fc2c8df916410d471ef04ed5f1a64e9651baa41d7695,difix3d_official,54999,32.29812240600586,0.944139838218689,0.05230744555592537,313,Official val_step stats JSON
0853979305f7ecb80bd8fc2c8df916410d471ef04ed5f1a64e9651baa41d7695,difix3dplus_fixed_vs_pred,55999,31.997929326261577,0.9491347849559479,0.051762417268257935,313,Reference = Difix3D Pred (not GT)
