scene,method,step,psnr,ssim,lpips,pairs,note
032dee9fb0a8bc1b90871dc5fe950080d0bcd3caf166447f44e60ca50ac04ec7,vanilla_gs_30k,29999,24.076608657836914,0.8501442670822144,0.13076229393482208,279,Official val_step stats JSON
032dee9fb0a8bc1b90871dc5fe950080d0bcd3caf166447f44e60ca50ac04ec7,difix3d_official,59999,25.872600555419922,0.8673139214515686,0.10592438280582428,279,Official val_step stats JSON
032dee9fb0a8bc1b90871dc5fe950080d0bcd3caf166447f44e60ca50ac04ec7,difix3dplus_fixed_vs_pred,59999,27.427476930789197,0.8964087691785614,0.10633513021640026,279,Reference = Difix3D Pred (not GT)
