scene,method,step,psnr,ssim,lpips,pairs,note
06da796666297fe4c683c231edf56ec00148a6a52ab5bb159fe1be31f53a58df,vanilla_gs_30k,29999,20.72739028930664,0.7522597312927246,0.2284708470106125,278,Official val_step stats JSON
06da796666297fe4c683c231edf56ec00148a6a52ab5bb159fe1be31f53a58df,difix3d_official,59999,21.893508911132812,0.7779496312141418,0.18967419862747192,278,Official val_step stats JSON
06da796666297fe4c683c231edf56ec00148a6a52ab5bb159fe1be31f53a58df,difix3dplus_fixed_vs_pred,59999,27.604787977479344,0.9095613984324091,0.12786908029652327,278,Reference = Difix3D Pred (not GT)
