scene,method,step,psnr,ssim,lpips,pairs,note
07d9f9724ca854fae07cb4c57d7ea22bf667d5decd4058f547728922f909956b,vanilla_gs_30k,29999,35.55381393432617,0.9736354947090149,0.01684645749628544,270,Official val_step stats JSON
07d9f9724ca854fae07cb4c57d7ea22bf667d5decd4058f547728922f909956b,difix3d_official,59999,36.1724739074707,0.9751003384590149,0.015518377535045147,270,Official val_step stats JSON
07d9f9724ca854fae07cb4c57d7ea22bf667d5decd4058f547728922f909956b,difix3dplus_fixed_vs_pred,59999,33.08934388337312,0.9581250371756377,0.028407863437853478,270,Reference = Difix3D Pred (not GT)
