scene,method,step,psnr,ssim,lpips,pairs,note
073f5a9b983ced6fb28b23051260558b165f328a16b2d33fe20585b7ee4ad561,vanilla_gs_30k,29999,19.083484649658203,0.5367243885993958,0.25931552052497864,358,Official val_step stats JSON
073f5a9b983ced6fb28b23051260558b165f328a16b2d33fe20585b7ee4ad561,difix3d_official,59999,19.31053352355957,0.5413711071014404,0.25129207968711853,358,Official val_step stats JSON
073f5a9b983ced6fb28b23051260558b165f328a16b2d33fe20585b7ee4ad561,difix3dplus_fixed_vs_pred,59999,24.06384104190592,0.7999049501712096,0.18147689618128637,358,Reference = Difix3D Pred (not GT)
